"file","bf","hcm","bug","V1","V2","V3","V4","V5","loc"
"lucli::LuceneMethods",0,1.43177,0,694,4,28,173,412,232
"lucli::Lucli",0,1.43177,0,150,10,0,256,615,188
"org::apache::lucene::analysis::Analyzer",2,7.3729,1,125,0,20,59,31,12
"org::apache::lucene::analysis::br::BrazilianAnalyzer",0,0,0,94,89,1,229,0,15
"org::apache::lucene::analysis::br::BrazilianStemFilter",0,1.25878,0,81,18,0,35,0,21
"org::apache::lucene::analysis::br::BrazilianStemmer",0,0,0,119,2098,0,142,0,847
"org::apache::lucene::analysis::CachingTokenFilter",3,4.85274,1,111,0,29,0,0,30
"org::apache::lucene::analysis::CharArraySet",4,4.10964,1,111,0,24,372,0,98
"org::apache::lucene::analysis::CharTokenizer",3,5.46076,1,41,0,0,157,0,55
"org::apache::lucene::analysis::cjk::CJKAnalyzer",0,0,0,48,0,0,87,0,6
"org::apache::lucene::analysis::cjk::CJKTokenizer",0,0,0,32,0,0,445,26,140
"org::apache::lucene::analysis::cn::ChineseAnalyzer",0,0,0,28,0,0,53,0,7
"org::apache::lucene::analysis::cn::ChineseFilter",0,0,0,43,0,0,146,0,38
"org::apache::lucene::analysis::cn::ChineseTokenizer",0,0,0,15,0,0,212,13,66
"org::apache::lucene::analysis::compound::CompoundWordTokenFilterBase",2,2.5991,0,59,0,0,411,0,74
"org::apache::lucene::analysis::compound::DictionaryCompoundWordTokenFilter",1,1.18716,0,25,0,0,355,0,36
"org::apache::lucene::analysis::compound::hyphenation::ByteVector",1,1.18716,0,0,0,3,130,12,42
"org::apache::lucene::analysis::compound::hyphenation::CharVector",1,1.18716,0,20,0,9,136,0,50
"org::apache::lucene::analysis::compound::hyphenation::Hyphen",1,1.18716,0,14,1,0,89,20,19
"org::apache::lucene::analysis::compound::hyphenation::Hyphenation",1,1.18716,0,0,0,1,56,0,9
"org::apache::lucene::analysis::compound::hyphenation::HyphenationException",1,1.18716,0,0,0,0,32,0,3
"org::apache::lucene::analysis::compound::hyphenation::HyphenationTree",1,1.18716,0,101,32,27,931,100,270
"org::apache::lucene::analysis::compound::hyphenation::PatternParser",1,1.50087,0,0,6,39,903,403,268
"org::apache::lucene::analysis::compound::hyphenation::TernaryTree",1,1.18716,0,30,69,209,998,157,267
"org::apache::lucene::analysis::compound::HyphenationCompoundWordTokenFilter",1,1.18716,0,33,0,0,632,26,81
"org::apache::lucene::analysis::cz::CzechAnalyzer",0,0,0,34,228,4,337,0,35
"org::apache::lucene::analysis::de::GermanAnalyzer",0,0,0,108,23,0,229,2,14
"org::apache::lucene::analysis::de::GermanStemFilter",0,0,0,129,29,0,36,0,29
"org::apache::lucene::analysis::de::GermanStemmer",0,0,0,39,152,0,441,9,171
"org::apache::lucene::analysis::el::GreekAnalyzer",2,2.5984,0,0,19,3,497,55,25
"org::apache::lucene::analysis::el::GreekCharsets",1,2.5984,0,0,0,0,780,30,225
"org::apache::lucene::analysis::el::GreekLowerCaseFilter",2,4.01034,0,19,0,0,78,44,19
"org::apache::lucene::analysis::fr::ElisionFilter",3,4.42816,0,143,1,0,123,0,40
"org::apache::lucene::analysis::fr::FrenchAnalyzer",0,0,0,107,115,0,305,0,19
"org::apache::lucene::analysis::fr::FrenchStemFilter",0,1.25878,0,98,30,0,53,0,29
"org::apache::lucene::analysis::fr::FrenchStemmer",0,0,0,165,688,0,880,0,482
"org::apache::lucene::analysis::ISOLatin1AccentFilter",0,1.97962,0,8,122,0,449,0,216
"org::apache::lucene::analysis::KeywordAnalyzer",0,3.22194,0,27,0,0,40,3,12
"org::apache::lucene::analysis::KeywordTokenizer",0,2.61865,0,25,0,0,74,0,30
"org::apache::lucene::analysis::LengthFilter",0,0,0,26,0,0,71,0,19
"org::apache::lucene::analysis::LetterTokenizer",0,1.64243,0,5,0,0,55,0,6
"org::apache::lucene::analysis::LowerCaseFilter",2,4.2341,0,25,0,0,39,0,17
"org::apache::lucene::analysis::LowerCaseTokenizer",0,1.64243,0,16,0,0,57,0,6
"org::apache::lucene::analysis::miscellaneous::EmptyTokenStream",2,2.35699,0,29,0,1,9,0,4
"org::apache::lucene::analysis::miscellaneous::PrefixAndSuffixAwareTokenFilter",2,2.35699,0,50,23,3,141,0,32
"org::apache::lucene::analysis::miscellaneous::PrefixAwareTokenFilter",2,2.35699,0,84,33,5,150,0,63
"org::apache::lucene::analysis::miscellaneous::SingleTokenTokenStream",2,2.35699,0,22,0,0,63,0,21
"org::apache::lucene::analysis::ngram::EdgeNGramTokenFilter",3,3.46561,1,30,0,0,281,125,45
"org::apache::lucene::analysis::ngram::EdgeNGramTokenizer",3,5.37625,0,15,0,0,253,129,34
"org::apache::lucene::analysis::ngram::NGramTokenFilter",3,4.10317,1,32,0,0,149,68,32
"org::apache::lucene::analysis::ngram::NGramTokenizer",3,4.74253,0,0,0,0,123,100,27
"org::apache::lucene::analysis::nl::DutchAnalyzer",0,0,0,148,96,0,240,0,31
"org::apache::lucene::analysis::nl::DutchStemFilter",0,0,0,129,46,0,62,0,33
"org::apache::lucene::analysis::nl::DutchStemmer",0,0,0,48,275,0,490,14,289
"org::apache::lucene::analysis::nl::WordlistLoader",0,0,0,38,12,0,270,0,51
"org::apache::lucene::analysis::payloads::NumericPayloadTokenFilter",2,3.37826,0,110,0,0,0,0,14
"org::apache::lucene::analysis::payloads::PayloadHelper",1,1.29819,0,34,0,30,32,0,18
"org::apache::lucene::analysis::payloads::TokenOffsetPayloadTokenFilter",2,2.71012,0,55,0,0,61,0,15
"org::apache::lucene::analysis::payloads::TypeAsPayloadTokenFilter",2,2.76004,0,66,0,0,37,0,12
"org::apache::lucene::analysis::PerFieldAnalyzerWrapper",2,6.08433,0,235,0,9,0,5,30
"org::apache::lucene::analysis::PorterStemFilter",2,4.2341,0,32,18,2,78,4,14
"org::apache::lucene::analysis::PorterStemmer",1,2.99922,0,0,502,0,516,31,312
"org::apache::lucene::analysis::query::QueryAutoStopWordAnalyzer",2,2.58708,0,443,0,16,292,15,43
"org::apache::lucene::analysis::ru::RussianAnalyzer",0,0,0,15,61,0,507,0,26
"org::apache::lucene::analysis::ru::RussianCharsets",0,0,0,0,64,0,331,0,41
"org::apache::lucene::analysis::ru::RussianLetterTokenizer",0,0,0,5,0,0,86,0,14
"org::apache::lucene::analysis::ru::RussianLowerCaseFilter",0,0,0,13,0,0,86,0,19
"org::apache::lucene::analysis::ru::RussianStemFilter",0,0,0,61,21,0,66,0,22
"org::apache::lucene::analysis::ru::RussianStemmer",0,0,0,0,696,0,399,41,173
"org::apache::lucene::analysis::shingle::ShingleAnalyzerWrapper",1,2.08776,0,157,0,0,0,48,23
"org::apache::lucene::analysis::shingle::ShingleFilter",2,3.4997,0,362,0,1,371,0,141
"org::apache::lucene::analysis::shingle::ShingleMatrixFilter",2,3.59553,0,2212,0,24,626,31,276
"org::apache::lucene::analysis::SimpleAnalyzer",1,2.82217,0,32,0,1,31,0,12
"org::apache::lucene::analysis::sinks::DateRecognizerSinkTokenizer",2,2.76004,0,0,0,0,81,151,19
"org::apache::lucene::analysis::sinks::TokenRangeSinkTokenizer",1,1.3481,0,24,0,0,38,17,14
"org::apache::lucene::analysis::sinks::TokenTypeSinkTokenizer",2,2.76004,0,58,0,0,29,13,10
"org::apache::lucene::analysis::SinkTokenizer",2,5.30545,0,110,0,0,74,58,28
"org::apache::lucene::analysis::snowball::SnowballAnalyzer",0,0,0,56,18,0,82,1,13
"org::apache::lucene::analysis::snowball::SnowballFilter",0,0,0,77,60,0,50,0,23
"org::apache::lucene::analysis::standard::StandardAnalyzer",6,10.68,0,59,8,0,742,8,48
"org::apache::lucene::analysis::standard::StandardFilter",3,4.2341,0,43,0,0,125,0,32
"org::apache::lucene::analysis::standard::StandardTokenizer",8,9.37718,1,149,0,0,407,7,62
"org::apache::lucene::analysis::standard::StandardTokenizerImpl",5,6.01329,0,82,0,116,1243,0,271
"org::apache::lucene::analysis::StopAnalyzer",1,6.50047,0,34,0,0,194,0,17
"org::apache::lucene::analysis::StopFilter",6,11.0402,0,213,0,0,274,0,36
"org::apache::lucene::analysis::TeeTokenFilter",2,4.01909,0,37,0,1,105,64,10
"org::apache::lucene::analysis::th::ThaiAnalyzer",2,2.26754,0,14,0,0,58,70,7
"org::apache::lucene::analysis::th::ThaiWordFilter",3,3.67948,0,57,0,2,141,57,39
"org::apache::lucene::analysis::Token",13,16.4641,0,1230,0,12,1503,28,240
"org::apache::lucene::analysis::TokenFilter",3,8.08193,1,22,0,0,57,0,10
"org::apache::lucene::analysis::Tokenizer",4,5.52249,0,37,0,0,65,0,9
"org::apache::lucene::analysis::TokenStream",6,7.77801,1,117,0,18,110,58,7
"org::apache::lucene::analysis::WhitespaceAnalyzer",1,2.82217,0,22,0,0,40,0,12
"org::apache::lucene::analysis::WhitespaceTokenizer",0,1.64243,0,4,0,0,37,0,6
"org::apache::lucene::analysis::WordlistLoader",1,7.75655,0,73,18,1,151,35,44
"org::apache::lucene::ant::DocumentHandlerException",0,0,0,1,0,0,0,100,16
"org::apache::lucene::ant::FileExtensionDocumentHandler",0,0,0,25,3,0,0,72,19
"org::apache::lucene::ant::HtmlDocument",0,0,0,77,9,0,89,426,98
"org::apache::lucene::ant::IndexTask",0,1.25878,0,212,0,7,141,586,199
"org::apache::lucene::ant::TextDocument",0,0,0,98,6,0,0,90,31
"org::apache::lucene::benchmark::AbstractBenchmarker",0,2.60998,0,0,0,1,10,106,25
"org::apache::lucene::benchmark::byTask::Benchmark",4,5.56724,0,3,0,0,207,107,70
"org::apache::lucene::benchmark::byTask::feeds::AbstractQueryMaker",1,1.45269,0,51,0,0,40,94,26
"org::apache::lucene::benchmark::byTask::feeds::BasicDocMaker",6,6.29405,0,158,0,126,318,554,177
"org::apache::lucene::benchmark::byTask::feeds::DemoHTMLParser",2,2.69351,0,0,0,0,85,153,5
"org::apache::lucene::benchmark::byTask::feeds::DirDocMaker",3,4.23089,0,0,15,32,168,275,66
"org::apache::lucene::benchmark::byTask::feeds::DocData",1,1.48053,0,0,0,0,8,122,37
"org::apache::lucene::benchmark::byTask::feeds::EnwikiDocMaker",4,3.58153,0,0,0,101,191,312,16
"org::apache::lucene::benchmark::byTask::feeds::FileBasedQueryMaker",2,2.62755,0,92,16,7,17,187,49
"org::apache::lucene::benchmark::byTask::feeds::LineDocMaker",7,4.8362,0,55,21,131,30,292,38
"org::apache::lucene::benchmark::byTask::feeds::NoMoreDataException",1,1.48053,0,0,0,0,11,25,0
"org::apache::lucene::benchmark::byTask::feeds::ReutersDocMaker",7,7.54956,0,0,6,14,101,252,68
"org::apache::lucene::benchmark::byTask::feeds::ReutersQueryMaker",2,4.46352,0,286,0,0,11,37,48
"org::apache::lucene::benchmark::byTask::feeds::SimpleDocMaker",3,4.90018,0,38,0,13,45,75,18
"org::apache::lucene::benchmark::byTask::feeds::SimpleQueryMaker",2,4.46352,0,116,0,0,22,75,24
"org::apache::lucene::benchmark::byTask::feeds::SimpleSloppyPhraseQueryMaker",2,4.63879,0,160,0,0,22,22,46
"org::apache::lucene::benchmark::byTask::feeds::SortableSimpleDocMaker",1,1.23854,0,21,0,10,14,58,16
"org::apache::lucene::benchmark::byTask::feeds::TrecDocMaker",6,7.61688,1,0,13,15,213,443,153
"org::apache::lucene::benchmark::byTask::PerfRunData",8,11.2928,0,71,0,0,185,397,132
"org::apache::lucene::benchmark::byTask::programmatic::Sample",0,3.6872,0,17,0,0,195,220,56
"org::apache::lucene::benchmark::byTask::stats::Points",1,3.28866,0,5,0,0,166,17,23
"org::apache::lucene::benchmark::byTask::stats::Report",1,3.28866,0,0,0,0,60,0,18
"org::apache::lucene::benchmark::byTask::stats::TaskStats",1,3.28866,0,0,0,2,369,17,69
"org::apache::lucene::benchmark::byTask::tasks::AddDocTask",3,5.6765,0,0,0,5,130,123,40
"org::apache::lucene::benchmark::byTask::tasks::ClearStatsTask",1,3.28866,0,0,0,0,54,0,10
"org::apache::lucene::benchmark::byTask::tasks::CloseIndexTask",2,4.52366,0,0,0,0,36,61,18
"org::apache::lucene::benchmark::byTask::tasks::CloseReaderTask",1,3.28866,0,0,0,0,35,42,11
"org::apache::lucene::benchmark::byTask::tasks::CommitIndexTask",1,1.23854,0,0,0,0,21,31,11
"org::apache::lucene::benchmark::byTask::tasks::CreateIndexTask",8,9.35438,0,0,0,0,41,355,66
"org::apache::lucene::benchmark::byTask::tasks::DeleteDocTask",2,4.50164,0,0,0,0,108,148,37
"org::apache::lucene::benchmark::byTask::tasks::NewAnalyzerTask",2,0.96755,0,0,0,1,128,143,37
"org::apache::lucene::benchmark::byTask::tasks::NewRoundTask",1,3.28866,0,0,0,0,51,8,10
"org::apache::lucene::benchmark::byTask::tasks::OpenIndexTask",8,9.35438,0,0,0,0,51,111,14
"org::apache::lucene::benchmark::byTask::tasks::OpenReaderTask",1,3.28866,0,5,0,0,41,31,9
"org::apache::lucene::benchmark::byTask::tasks::OptimizeTask",2,4.52366,0,0,0,0,38,40,16
"org::apache::lucene::benchmark::byTask::tasks::PerfTask",3,5.70339,0,0,0,0,441,99,93
"org::apache::lucene::benchmark::byTask::tasks::ReadTask",3,5.76219,1,333,0,58,119,86,116
"org::apache::lucene::benchmark::byTask::tasks::ReadTokensTask",2,1.17973,0,84,0,6,242,98,66
"org::apache::lucene::benchmark::byTask::tasks::ReopenReaderTask",1,1.23854,0,24,0,4,26,17,13
"org::apache::lucene::benchmark::byTask::tasks::RepAllTask",1,3.28866,0,0,1,0,176,0,38
"org::apache::lucene::benchmark::byTask::tasks::ReportTask",1,3.28866,0,0,4,2,480,8,71
"org::apache::lucene::benchmark::byTask::tasks::RepSelectByPrefTask",1,3.28866,0,0,1,0,194,0,39
"org::apache::lucene::benchmark::byTask::tasks::RepSumByNameRoundTask",1,3.28866,0,0,0,0,199,10,40
"org::apache::lucene::benchmark::byTask::tasks::RepSumByNameTask",1,3.28866,0,0,0,0,190,2,39
"org::apache::lucene::benchmark::byTask::tasks::RepSumByPrefRoundTask",1,3.28866,0,0,0,0,210,0,40
"org::apache::lucene::benchmark::byTask::tasks::RepSumByPrefTask",1,3.28866,0,0,0,0,211,0,45
"org::apache::lucene::benchmark::byTask::tasks::ResetInputsTask",0,2.58836,0,1,0,0,53,12,10
"org::apache::lucene::benchmark::byTask::tasks::ResetSystemEraseTask",2,4.08464,0,0,1,0,59,7,7
"org::apache::lucene::benchmark::byTask::tasks::ResetSystemSoftTask",2,4.08464,0,0,0,0,55,9,7
"org::apache::lucene::benchmark::byTask::tasks::SearchTask",1,3.28866,0,17,0,0,35,15,18
"org::apache::lucene::benchmark::byTask::tasks::SearchTravRetHighlightTask",1,1.23499,0,181,0,66,93,69,55
"org::apache::lucene::benchmark::byTask::tasks::SearchTravRetLoadFieldSelectorTask",2,3.41583,0,39,0,29,90,105,22
"org::apache::lucene::benchmark::byTask::tasks::SearchTravRetTask",1,3.28866,0,19,0,0,45,16,6
"org::apache::lucene::benchmark::byTask::tasks::SearchTravTask",1,3.28866,0,28,0,0,59,40,28
"org::apache::lucene::benchmark::byTask::tasks::SearchWithSortTask",1,1.23854,0,127,0,5,47,17,61
"org::apache::lucene::benchmark::byTask::tasks::SetPropTask",1,3.28866,0,0,0,0,109,35,19
"org::apache::lucene::benchmark::byTask::tasks::TaskSequence",6,8.77321,0,0,0,42,685,96,240
"org::apache::lucene::benchmark::byTask::tasks::WarmTask",1,3.28866,0,25,0,0,35,23,18
"org::apache::lucene::benchmark::byTask::tasks::WriteLineDocTask",2,1.74444,0,0,21,0,120,225,73
"org::apache::lucene::benchmark::byTask::utils::Algorithm",4,4.52366,0,0,0,10,677,45,204
"org::apache::lucene::benchmark::byTask::utils::Config",6,7.7902,0,64,16,0,849,190,182
"org::apache::lucene::benchmark::byTask::utils::FileUtils",0,2.58836,0,0,0,0,11,55,18
"org::apache::lucene::benchmark::byTask::utils::Format",3,4.67365,0,13,0,0,318,13,21
"org::apache::lucene::benchmark::Constants",0,1.64243,0,4,1,0,0,65,0
"org::apache::lucene::benchmark::Driver",0,3.12296,0,0,0,0,36,297,71
"org::apache::lucene::benchmark::quality::QualityBenchmark",2,2.40151,0,247,0,0,285,44,60
"org::apache::lucene::benchmark::quality::QualityQuery",1,1.17486,0,120,0,0,92,8,25
"org::apache::lucene::benchmark::quality::QualityStats",2,3.00249,0,72,4,0,728,73,154
"org::apache::lucene::benchmark::quality::trec::QueryDriver",1,2.3444,0,48,0,0,117,61,35
"org::apache::lucene::benchmark::quality::trec::Trec1MQReader",1,1.22665,0,53,17,1,107,9,33
"org::apache::lucene::benchmark::quality::trec::TrecJudge",1,1.17486,0,140,4,0,229,17,77
"org::apache::lucene::benchmark::quality::trec::TrecTopicsReader",1,1.17486,0,77,14,0,173,40,60
"org::apache::lucene::benchmark::quality::utils::DocNameExtractor",1,1.17486,0,90,0,22,3,22,13
"org::apache::lucene::benchmark::quality::utils::QualityQueriesFinder",1,1.17486,0,121,0,10,136,89,64
"org::apache::lucene::benchmark::quality::utils::SimpleQQParser",1,1.17486,0,87,0,0,65,24,12
"org::apache::lucene::benchmark::quality::utils::SubmissionReport",2,2.40151,0,87,0,0,98,53,36
"org::apache::lucene::benchmark::standard::ReutersQueries",0,2.60998,0,153,0,2,4,59,9
"org::apache::lucene::benchmark::standard::StandardBenchmarker",4,6.47189,0,274,14,14,321,807,319
"org::apache::lucene::benchmark::standard::StandardOptions",0,5.25817,0,0,0,0,24,142,24
"org::apache::lucene::benchmark::stats::MemUsage",1,2.88097,0,0,0,0,93,51,13
"org::apache::lucene::benchmark::stats::QueryData",1,2.88097,0,72,11,0,31,100,26
"org::apache::lucene::benchmark::stats::TimeData",1,4.3615,0,8,0,23,148,84,42
"org::apache::lucene::benchmark::utils::ExtractReuters",1,3.09513,0,22,9,0,120,280,115
"org::apache::lucene::benchmark::utils::ExtractWikipedia",3,4.75056,0,0,0,34,134,304,103
"org::apache::lucene::demo::DeleteFiles",1,4.92899,0,37,1,0,0,92,32
"org::apache::lucene::demo::FileDocument",1,2.88097,0,63,0,11,29,98,26
"org::apache::lucene::demo::html::Entities",1,2.88097,0,19,6,16,316,278,44
"org::apache::lucene::demo::html::HTMLParser",3,6.53022,0,2,0,754,209,870,574
"org::apache::lucene::demo::html::HTMLParserTokenManager",1,1.41194,0,0,0,2854,0,0,1504
"org::apache::lucene::demo::html::ParseException",2,2.76873,0,0,0,4,451,26,87
"org::apache::lucene::demo::html::ParserThread",0,1.64243,0,1,0,3,5,66,23
"org::apache::lucene::demo::html::SimpleCharStream",2,4.36338,0,403,15,79,388,0,256
"org::apache::lucene::demo::html::Tags",0,1.64243,0,25,0,0,15,115,0
"org::apache::lucene::demo::html::Token",0,0,0,26,0,49,145,0,9
"org::apache::lucene::demo::html::TokenMgrError",2,2.76873,0,0,9,68,223,0,57
"org::apache::lucene::demo::HTMLDocument",1,4.65286,0,85,0,6,56,124,52
"org::apache::lucene::demo::IndexFiles",1,4.17914,0,0,0,0,25,216,60
"org::apache::lucene::demo::IndexHTML",1,6.17458,0,158,0,0,16,297,88
"org::apache::lucene::demo::SearchFiles",2,7.70696,0,301,28,147,152,178,206
"org::apache::lucene::document::AbstractField",4,5.34192,0,537,0,47,30,302,182
"org::apache::lucene::document::DateField",0,4.07967,0,41,0,0,135,90,40
"org::apache::lucene::document::DateTools",2,4.70954,0,7,50,0,147,665,126
"org::apache::lucene::document::Document",9,9.3931,0,718,0,45,36,76,138
"org::apache::lucene::document::Field",7,16.2091,1,797,0,107,57,576,49
"org::apache::lucene::document::FieldSelectorResult",2,8.13453,0,108,0,75,6,148,16
"org::apache::lucene::document::LoadFirstFieldSelector",0,2.29636,0,4,0,7,0,71,3
"org::apache::lucene::document::MapFieldSelector",3,4.88853,0,65,0,96,0,0,9
"org::apache::lucene::document::NumberTools",1,2.83909,0,0,2,33,192,6,51
"org::apache::lucene::document::SetBasedFieldSelector",0,2.29636,0,38,0,65,0,123,14
"org::apache::lucene::index::BufferedDeletes",1,0.60098,0,120,0,91,0,134,71
"org::apache::lucene::index::ByteBlockPool",3,2.57416,0,0,19,206,118,0,77
"org::apache::lucene::index::ByteSliceReader",2,1.39384,0,0,32,154,123,39,96
"org::apache::lucene::index::ByteSliceWriter",1,1.18032,0,0,17,107,17,0,45
"org::apache::lucene::index::CharBlockPool",2,1.39384,0,0,0,90,9,0,21
"org::apache::lucene::index::CheckIndex",9,10.8724,2,127,0,186,114,1956,427
"org::apache::lucene::index::CompoundFileReader",4,8.43595,0,0,0,11,356,222,97
"org::apache::lucene::index::CompoundFileWriter",5,9.12701,0,30,0,96,202,359,147
"org::apache::lucene::index::ConcurrentMergeScheduler",18,10.9738,2,0,2,68,35,773,182
"org::apache::lucene::index::CorruptIndexException",1,1.09884,0,0,0,0,0,24,3
"org::apache::lucene::index::DefaultSkipListReader",2,2.55842,0,27,0,288,0,0,58
"org::apache::lucene::index::DefaultSkipListWriter",2,3.69563,0,9,0,425,14,44,79
"org::apache::lucene::index::DirectoryIndexReader",9,9.24384,4,3,0,8,102,1137,295
"org::apache::lucene::index::DocConsumer",1,0.792859,0,0,0,47,0,0,0
"org::apache::lucene::index::DocConsumerPerThread",1,0.792859,0,0,0,37,3,0,0
"org::apache::lucene::index::DocFieldConsumer",1,0.792859,0,0,0,84,0,19,3
"org::apache::lucene::index::DocFieldConsumerPerField",1,0.792859,0,16,0,11,0,2,0
"org::apache::lucene::index::DocFieldConsumerPerThread",1,0.792859,0,0,0,34,0,0,0
"org::apache::lucene::index::DocFieldConsumers",1,0.792859,0,0,0,411,5,0,80
"org::apache::lucene::index::DocFieldConsumersPerField",1,0.792859,0,0,0,95,0,0,16
"org::apache::lucene::index::DocFieldConsumersPerThread",1,0.792859,0,0,0,199,0,0,37
"org::apache::lucene::index::DocFieldProcessor",1,0.792859,0,0,0,180,0,31,37
"org::apache::lucene::index::DocFieldProcessorPerField",1,0.792859,0,0,0,67,0,8,7
"org::apache::lucene::index::DocFieldProcessorPerThread",2,1.54522,0,112,0,785,0,96,238
"org::apache::lucene::index::DocInverter",1,0.792859,0,15,0,287,0,0,53
"org::apache::lucene::index::DocInverterPerField",2,2.2048,3,118,0,314,27,51,130
"org::apache::lucene::index::DocInverterPerThread",1,0.792859,0,15,0,173,0,0,26
"org::apache::lucene::index::DocumentsWriter",42,13.9297,2,203,0,2015,19,2113,829
"org::apache::lucene::index::DocumentsWriterThreadState",5,3.17313,1,0,0,100,0,25,13
"org::apache::lucene::index::FieldInfo",5,7.31651,1,149,0,0,0,185,38
"org::apache::lucene::index::FieldInfos",6,11.3053,1,493,0,22,11,632,107
"org::apache::lucene::index::FieldNormModifier",3,4.63934,0,170,2,11,0,262,86
"org::apache::lucene::index::FieldReaderException",0,3.46402,0,33,0,0,13,178,3
"org::apache::lucene::index::FieldSortedTermVectorMapper",1,1.17486,0,108,0,41,0,66,19
"org::apache::lucene::index::FieldsReader",24,25.5769,1,217,0,978,117,692,332
"org::apache::lucene::index::FieldsWriter",11,11.4058,0,0,0,360,68,370,185
"org::apache::lucene::index::FilterIndexReader",8,12.1251,0,282,0,38,0,210,82
"org::apache::lucene::index::FreqProxFieldMergeState",2,1.54522,0,24,0,205,0,19,56
"org::apache::lucene::index::FreqProxTermsWriter",2,1.54522,0,172,0,875,12,227,229
"org::apache::lucene::index::FreqProxTermsWriterPerField",2,1.54522,0,67,0,455,0,22,96
"org::apache::lucene::index::FreqProxTermsWriterPerThread",1,0.792859,0,0,0,95,0,0,13
"org::apache::lucene::index::GCJSegmentReader",0,1.64243,0,13,0,0,13,25,7
"org::apache::lucene::index::GCJTermDocs",0,1.64243,0,4,0,0,0,19,3
"org::apache::lucene::index::IndexCommit",6,4.73438,0,22,0,0,28,245,31
"org::apache::lucene::index::IndexFileDeleter",20,18.3422,3,33,0,29,98,1697,319
"org::apache::lucene::index::IndexFileNameFilter",2,5.55317,0,46,0,12,19,123,46
"org::apache::lucene::index::IndexFileNames",6,9.29826,0,1,0,49,23,421,20
"org::apache::lucene::index::IndexModifier",13,18.28,0,0,1,442,219,1898,189
"org::apache::lucene::index::IndexReader",34,31.8654,3,801,0,66,273,2779,214
"org::apache::lucene::index::IndexWriter",81,39.6054,9,275,0,304,1071,13236,2630
"org::apache::lucene::index::IntBlockPool",1,0.792859,0,0,0,92,19,0,29
"org::apache::lucene::index::InvertedDocConsumer",1,0.792859,0,0,0,68,0,17,3
"org::apache::lucene::index::InvertedDocConsumerPerField",1,0.792859,0,32,0,36,0,0,0
"org::apache::lucene::index::InvertedDocConsumerPerThread",1,0.792859,0,0,0,43,0,0,0
"org::apache::lucene::index::InvertedDocEndConsumer",1,0.792859,0,0,0,58,0,0,0
"org::apache::lucene::index::InvertedDocEndConsumerPerField",1,0.792859,0,0,0,13,0,0,0
"org::apache::lucene::index::InvertedDocEndConsumerPerThread",1,0.792859,0,0,0,36,0,0,0
"org::apache::lucene::index::KeepOnlyLastCommitDeletionPolicy",2,2.32375,0,0,0,0,7,62,12
"org::apache::lucene::index::LogByteSizeMergePolicy",5,1.91372,0,0,0,0,35,195,20
"org::apache::lucene::index::LogDocMergePolicy",4,1.36109,0,8,0,0,27,106,17
"org::apache::lucene::index::LogMergePolicy",11,5.94911,0,36,0,59,84,1172,258
"org::apache::lucene::index::memory::AnalyzerUtil",2,8.26847,0,776,42,23,551,17,237
"org::apache::lucene::index::memory::MemoryIndex",6,16.8263,1,2183,8,236,984,580,226
"org::apache::lucene::index::memory::PatternAnalyzer",2,12.0175,0,263,13,42,988,74,88
"org::apache::lucene::index::memory::SynonymMap",1,7.62066,0,122,0,12,1108,29,270
"org::apache::lucene::index::memory::SynonymTokenFilter",2,6.53653,0,123,3,11,226,24,56
"org::apache::lucene::index::MergeDocIDRemapper",1,0.871061,1,0,0,248,0,117,76
"org::apache::lucene::index::MergePolicy",9,5.84867,0,0,3,0,69,643,3
"org::apache::lucene::index::MergeScheduler",6,3.38172,0,2,5,0,0,61,0
"org::apache::lucene::index::MultiLevelSkipListReader",2,3.64568,0,17,0,592,97,82,140
"org::apache::lucene::index::MultiLevelSkipListWriter",1,2.54818,0,0,0,251,112,70,66
"org::apache::lucene::index::MultipleTermPositions",3,5.80413,0,320,0,53,0,0,74
"org::apache::lucene::index::MultiReader",16,19.4587,1,586,0,76,0,377,215
"org::apache::lucene::index::MultiSegmentReader",6,5.96254,1,844,0,211,0,679,300
"org::apache::lucene::index::NormsWriter",1,0.792859,0,0,0,337,18,179,125
"org::apache::lucene::index::NormsWriterPerField",1,0.792859,0,17,0,155,0,48,32
"org::apache::lucene::index::NormsWriterPerThread",1,0.792859,0,0,0,75,0,16,13
"org::apache::lucene::index::ParallelReader",15,19.4885,0,1055,9,31,2,496,267
"org::apache::lucene::index::Payload",5,6.8389,0,115,0,3,243,2,76
"org::apache::lucene::index::PositionBasedTermVectorMapper",4,1.76352,0,251,0,36,0,117,35
"org::apache::lucene::index::RawPostingList",1,0.792859,0,18,0,52,0,5,0
"org::apache::lucene::index::ReadOnlyMultiSegmentReader",1,1.35264,0,15,0,0,1,65,6
"org::apache::lucene::index::ReadOnlySegmentReader",1,1.35264,0,0,0,0,2,32,9
"org::apache::lucene::index::ReusableStringReader",1,0.60098,0,9,0,3,63,0,22
"org::apache::lucene::index::SegmentInfo",14,11.3676,1,22,0,47,213,1724,467
"org::apache::lucene::index::SegmentInfos",21,19.5286,4,32,0,43,151,1955,306
"org::apache::lucene::index::SegmentMergeInfo",1,3.2211,0,68,1,28,0,20,44
"org::apache::lucene::index::SegmentMergeQueue",0,1.64243,0,1,0,24,0,39,16
"org::apache::lucene::index::SegmentMerger",22,28.939,1,507,0,767,25,1490,507
"org::apache::lucene::index::SegmentReader",32,26.0888,4,603,0,223,52,2495,22
"org::apache::lucene::index::SegmentTermDocs",3,5.5234,0,139,0,274,1,110,128
"org::apache::lucene::index::SegmentTermEnum",6,8.26464,0,161,0,159,122,144,132
"org::apache::lucene::index::SegmentTermPositions",6,8.72787,0,121,0,321,0,47,129
"org::apache::lucene::index::SegmentTermPositionVector",1,2.99256,0,106,0,0,13,21,26
"org::apache::lucene::index::SegmentTermVector",1,2.88097,0,96,0,0,47,3,50
"org::apache::lucene::index::SerialMergeScheduler",5,2.69376,0,0,0,0,2,55,10
"org::apache::lucene::index::SnapshotDeletionPolicy",5,5.97302,0,0,0,17,27,288,31
"org::apache::lucene::index::SortedTermVectorMapper",1,1.17486,0,262,0,25,27,107,59
"org::apache::lucene::index::StaleReaderException",1,1.09884,0,0,0,0,0,55,3
"org::apache::lucene::index::StoredFieldsWriter",1,0.792859,1,1,0,432,0,201,116
"org::apache::lucene::index::StoredFieldsWriterPerField",1,0.792859,0,0,0,196,0,9,31
"org::apache::lucene::index::StoredFieldsWriterPerThread",1,0.792859,0,0,0,147,0,21,32
"org::apache::lucene::index::Term",2,7.01764,0,205,0,22,60,1,37
"org::apache::lucene::index::TermBuffer",1,2.54988,0,129,0,34,189,0,79
"org::apache::lucene::index::TermEnum",0,1.64243,0,86,0,7,0,7,7
"org::apache::lucene::index::TermInfo",0,1.64243,0,19,0,96,0,0,12
"org::apache::lucene::index::TermInfosReader",14,11.8687,1,389,0,128,1,372,154
"org::apache::lucene::index::TermInfosWriter",5,9.59891,0,228,0,348,169,165,114
"org::apache::lucene::index::TermsHash",2,1.54522,0,10,0,796,0,40,166
"org::apache::lucene::index::TermsHashConsumer",2,1.15014,0,0,0,64,0,9,3
"org::apache::lucene::index::TermsHashConsumerPerField",2,1.54522,0,33,0,40,0,0,0
"org::apache::lucene::index::TermsHashConsumerPerThread",1,0.792859,0,9,0,33,0,1,0
"org::apache::lucene::index::TermsHashPerField",2,1.54522,0,56,0,1388,192,4,388
"org::apache::lucene::index::TermsHashPerThread",1,1.54522,0,0,0,347,0,2,75
"org::apache::lucene::index::TermVectorAccessor",1,1.25985,0,342,0,19,0,108,66
"org::apache::lucene::index::TermVectorEntry",1,1.17486,0,116,0,0,0,68,51
"org::apache::lucene::index::TermVectorEntryFreqSortedComparator",1,1.17486,0,57,0,6,0,58,15
"org::apache::lucene::index::TermVectorMapper",2,2.41614,0,206,0,0,10,113,12
"org::apache::lucene::index::TermVectorOffsetInfo",0,2.99256,1,121,2,70,0,13,33
"org::apache::lucene::index::TermVectorsReader",15,17.9349,0,473,0,582,122,591,313
"org::apache::lucene::index::TermVectorsTermsWriter",2,1.54522,1,44,0,619,0,351,189
"org::apache::lucene::index::TermVectorsTermsWriterPerField",2,1.54522,0,206,0,563,0,72,186
"org::apache::lucene::index::TermVectorsTermsWriterPerThread",1,0.792859,0,76,0,144,0,0,42
"org::apache::lucene::index::TermVectorsWriter",6,7.52307,0,170,0,239,64,209,163
"org::apache::lucene::LucenePackage",0,2.52013,0,0,0,0,12,76,4
"org::apache::lucene::misc::ChainedFilter",0,0,0,211,0,4,201,346,101
"org::apache::lucene::misc::HighFreqTerms",0,0,0,98,0,30,2,139,40
"org::apache::lucene::misc::IndexMergeTool",2,4.01101,0,0,2,0,6,164,22
"org::apache::lucene::misc::LengthNormModifier",2,4.43735,0,160,0,15,0,246,77
"org::apache::lucene::misc::SweetSpotSimilarity",1,3.87029,0,355,0,92,97,0,94
"org::apache::lucene::queryParser::analyzing::AnalyzingQueryParser",3,7.34144,0,711,0,0,212,39,209
"org::apache::lucene::queryParser::FastCharStream",0,1.64243,0,15,3,11,208,0,75
"org::apache::lucene::queryParser::MultiFieldQueryParser",6,16.8048,0,788,0,6,43,113,73
"org::apache::lucene::queryParser::ParseException",3,4.00726,0,6,0,11,473,17,90
"org::apache::lucene::queryParser::precedence::FastCharStream",0,1.31187,0,22,1,18,201,1,75
"org::apache::lucene::queryParser::precedence::ParseException",0,1.31187,0,0,0,13,451,9,87
"org::apache::lucene::queryParser::precedence::PrecedenceQueryParser",0,2.52248,0,1695,0,680,329,931,822
"org::apache::lucene::queryParser::precedence::PrecedenceQueryParserTokenManager",0,1.31187,0,22,0,1986,0,0,947
"org::apache::lucene::queryParser::precedence::Token",0,1.31187,0,23,0,44,154,0,9
"org::apache::lucene::queryParser::precedence::TokenMgrError",0,1.31187,0,0,3,73,224,1,57
"org::apache::lucene::queryParser::QueryParser",18,23.6331,1,2372,0,808,558,1177,1009
"org::apache::lucene::queryParser::QueryParserTokenManager",9,10.2371,0,35,0,2138,0,0,1040
"org::apache::lucene::queryParser::surround::parser::FastCharStream",0,2.67407,0,16,5,9,209,0,75
"org::apache::lucene::queryParser::surround::parser::ParseException",0,1.03163,0,0,5,12,441,16,87
"org::apache::lucene::queryParser::surround::parser::QueryParser",0,1.03163,0,851,4,479,51,547,583
"org::apache::lucene::queryParser::surround::parser::QueryParserTokenManager",0,1.03163,0,36,0,1392,2,0,604
"org::apache::lucene::queryParser::surround::parser::Token",0,1.03163,0,44,1,50,127,0,9
"org::apache::lucene::queryParser::surround::parser::TokenMgrError",0,1.03163,0,0,7,82,213,0,57
"org::apache::lucene::queryParser::surround::query::AndQuery",0,2.67407,0,65,0,0,0,0,7
"org::apache::lucene::queryParser::surround::query::BasicQueryFactory",0,2.67407,0,136,0,0,0,18,18
"org::apache::lucene::queryParser::surround::query::ComposedQuery",1,3.9126,0,240,24,0,13,0,73
"org::apache::lucene::queryParser::surround::query::DistanceQuery",0,2.67407,0,314,3,0,0,0,68
"org::apache::lucene::queryParser::surround::query::FieldsQuery",1,3.9126,0,244,11,0,0,5,48
"org::apache::lucene::queryParser::surround::query::NotQuery",0,2.67407,0,102,0,0,0,0,12
"org::apache::lucene::queryParser::surround::query::OrQuery",0,2.67407,0,140,0,0,0,0,29
"org::apache::lucene::queryParser::surround::query::SimpleTerm",1,3.9126,0,257,9,5,0,0,56
"org::apache::lucene::queryParser::surround::query::SpanNearClauseFactory",0,3.99248,0,421,0,3,5,17,50
"org::apache::lucene::queryParser::surround::query::SrndBooleanQuery",0,2.67407,0,73,0,0,0,0,13
"org::apache::lucene::queryParser::surround::query::SrndPrefixQuery",0,4.06683,0,133,6,0,0,2,35
"org::apache::lucene::queryParser::surround::query::SrndQuery",0,4.06683,0,160,3,2,0,0,30
"org::apache::lucene::queryParser::surround::query::SrndTermQuery",0,4.06683,0,120,0,0,9,0,25
"org::apache::lucene::queryParser::surround::query::SrndTruncQuery",0,2.67407,0,129,0,12,63,0,63
"org::apache::lucene::queryParser::surround::query::TooManyBasicQueries",0,2.67407,0,31,0,2,0,0,3
"org::apache::lucene::queryParser::Token",1,1.23854,0,48,8,81,174,0,13
"org::apache::lucene::queryParser::TokenMgrError",3,4.00726,0,0,5,78,240,0,57
"org::apache::lucene::search::BooleanClause",1,10.3086,0,168,0,0,5,0,37
"org::apache::lucene::search::BooleanFilter",3,8.77244,0,369,0,8,94,56,129
"org::apache::lucene::search::BooleanQuery",10,23.8003,0,1029,15,21,116,87,149
"org::apache::lucene::search::BooleanScorer",1,3.67974,0,201,0,386,8,0,85
"org::apache::lucene::search::BooleanScorer2",5,12.9419,0,367,0,815,0,26,147
"org::apache::lucene::search::BoostingQuery",2,5.06437,0,200,0,0,18,0,39
"org::apache::lucene::search::CachingSpanFilter",2,2.35,0,200,0,5,0,66,39
"org::apache::lucene::search::CachingWrapperFilter",4,6.91215,1,170,0,15,22,0,54
"org::apache::lucene::search::ComplexExplanation",3,5.15836,0,103,0,0,0,6,20
"org::apache::lucene::search::ConjunctionScorer",2,6.52069,0,66,0,198,0,0,78
"org::apache::lucene::search::ConstantScoreQuery",8,11.1794,0,349,0,2,2,3,30
"org::apache::lucene::search::ConstantScoreRangeQuery",4,7.46875,0,379,0,62,54,0,10
"org::apache::lucene::search::DefaultSimilarity",0,1.64243,0,91,0,0,0,4,32
"org::apache::lucene::search::DisjunctionMaxQuery",6,9.2521,0,776,0,14,15,73,81
"org::apache::lucene::search::DisjunctionMaxScorer",4,8.939,0,271,0,237,0,114,115
"org::apache::lucene::search::DisjunctionSumScorer",3,6.61495,0,306,0,501,0,8,98
"org::apache::lucene::search::DocIdSet",1,1.17515,0,27,0,0,0,3,0
"org::apache::lucene::search::DocIdSetIterator",1,1.17515,0,49,0,28,0,6,0
"org::apache::lucene::search::DuplicateFilter",2,3.6711,0,238,0,0,126,239,143
"org::apache::lucene::search::ExactPhraseScorer",2,2.6029,0,80,0,31,0,0,28
"org::apache::lucene::search::Explanation",3,4.70913,0,109,0,0,86,20,63
"org::apache::lucene::search::ExtendedFieldCacheImpl",3,4.85875,0,356,0,31,0,32,9
"org::apache::lucene::search::FieldCacheImpl",9,16.8684,1,1122,0,128,48,24,24
"org::apache::lucene::search::FieldDoc",1,4.24084,0,103,0,43,0,0,4
"org::apache::lucene::search::FieldDocSortedHitQueue",5,8.32875,0,171,12,261,59,0,123
"org::apache::lucene::search::FieldSortedHitQueue",10,17.2681,0,677,0,750,10,0,265
"org::apache::lucene::search::Filter",1,2.81758,0,76,0,0,29,18,6
"org::apache::lucene::search::FilterClause",2,3.90708,0,75,0,0,6,0,10
"org::apache::lucene::search::FilteredQuery",7,12.5285,0,466,3,17,34,0,131
"org::apache::lucene::search::FilteredTermEnum",0,2.94415,0,163,0,0,0,9,38
"org::apache::lucene::search::FilterManager",2,2.52346,1,252,0,31,84,168,35
"org::apache::lucene::search::function::ByteFieldSource",2,2.69823,0,320,0,11,0,0,43
"org::apache::lucene::search::function::CustomScoreQuery",3,6.48196,0,1629,8,58,38,0,88
"org::apache::lucene::search::function::DocValues",3,3.87796,0,261,0,17,64,8,52
"org::apache::lucene::search::function::FieldCacheSource",3,3.78532,0,285,0,7,12,3,23
"org::apache::lucene::search::function::FieldScoreQuery",1,2.76207,0,326,0,10,56,15,18
"org::apache::lucene::search::function::FloatFieldSource",3,3.93677,0,310,0,5,0,0,39
"org::apache::lucene::search::function::IntFieldSource",3,3.87796,0,319,0,12,0,0,43
"org::apache::lucene::search::function::OrdFieldSource",3,3.93677,0,284,0,6,13,0,36
"org::apache::lucene::search::function::ReverseOrdFieldSource",3,3.93677,0,317,0,17,10,0,44
"org::apache::lucene::search::function::ShortFieldSource",2,2.69823,0,319,0,11,0,0,43
"org::apache::lucene::search::function::ValueSource",3,3.87796,0,155,0,17,0,2,3
"org::apache::lucene::search::function::ValueSourceQuery",2,3.95872,1,569,0,8,9,0,26
"org::apache::lucene::search::FuzzyLikeThisQuery",4,7.57455,0,930,0,40,71,0,141
"org::apache::lucene::search::FuzzyQuery",2,7.22218,0,512,0,15,29,0,88
"org::apache::lucene::search::FuzzyTermEnum",0,1.64243,0,540,0,5,356,27,135
"org::apache::lucene::search::highlight::DefaultEncoder",1,2.49732,0,14,0,9,0,50,5
"org::apache::lucene::search::highlight::GradientFormatter",0,0.740259,0,142,0,25,508,0,132
"org::apache::lucene::search::highlight::Highlighter",6,12.8567,0,282,0,968,353,38,280
"org::apache::lucene::search::highlight::NullFragmenter",0,3.0352,0,21,0,11,0,0,5
"org::apache::lucene::search::highlight::QueryScorer",0,0,0,394,0,33,0,4,45
"org::apache::lucene::search::highlight::QueryTermExtractor",0,0,0,482,0,7,29,25,61
"org::apache::lucene::search::highlight::SimpleFragmenter",0,0,0,41,0,70,20,0,20
"org::apache::lucene::search::highlight::SimpleHTMLEncoder",1,3.14666,0,18,0,4,43,71,49
"org::apache::lucene::search::highlight::SimpleHTMLFormatter",0,0,0,33,0,14,30,37,16
"org::apache::lucene::search::highlight::SimpleSpanFragmenter",2,2.46341,0,131,0,54,3,10,40
"org::apache::lucene::search::highlight::SpanGradientFormatter",1,4.04759,0,49,0,15,108,1,35
"org::apache::lucene::search::highlight::SpanScorer",3,3.70195,0,618,6,27,0,0,77
"org::apache::lucene::search::highlight::TextFragment",0,0,0,0,0,92,33,5,24
"org::apache::lucene::search::highlight::TokenGroup",0,0,0,63,0,26,135,0,54
"org::apache::lucene::search::highlight::TokenSources",4,6.46103,0,618,0,97,147,71,21
"org::apache::lucene::search::highlight::WeightedSpanTerm",1,1.05147,0,170,0,16,0,0,33
"org::apache::lucene::search::highlight::WeightedSpanTermExtractor",5,4.9693,0,1452,0,12,3,4,269
"org::apache::lucene::search::highlight::WeightedTerm",0,0,0,60,3,0,0,0,16
"org::apache::lucene::search::Hit",3,7.82654,0,131,0,23,4,106,39
"org::apache::lucene::search::HitCollector",0,4.31109,0,81,0,31,18,0,0
"org::apache::lucene::search::HitIterator",2,5.50819,0,87,1,31,2,1,20
"org::apache::lucene::search::HitQueue",0,1.64243,0,0,0,47,0,0,11
"org::apache::lucene::search::Hits",4,9.64939,0,296,0,228,65,236,141
"org::apache::lucene::search::IndexSearcher",5,11.5269,0,295,6,60,0,118,61
"org::apache::lucene::search::MatchAllDocsQuery",6,8.8814,0,272,0,2,0,2,22
"org::apache::lucene::search::MultiPhraseQuery",6,14.6136,1,829,0,1,1,0,140
"org::apache::lucene::search::MultiSearcher",4,10.1352,1,714,0,141,36,25,111
"org::apache::lucene::search::MultiTermQuery",1,7.41088,0,231,0,0,9,0,76
"org::apache::lucene::search::NonMatchingScorer",0,3.0742,0,45,0,2,0,0,10
"org::apache::lucene::search::ParallelMultiSearcher",2,5.96744,1,463,0,154,0,66,24
"org::apache::lucene::search::payloads::BoostingTermQuery",7,8.28731,0,401,0,5,0,67,13
"org::apache::lucene::search::payloads::PayloadSpanUtil",2,2.65048,0,517,0,8,0,0,117
"org::apache::lucene::search::PhrasePositions",2,2.6029,0,102,1,48,15,0,35
"org::apache::lucene::search::PhraseQuery",4,9.68386,0,813,0,9,33,0,90
"org::apache::lucene::search::PhraseQueue",2,2.6029,0,29,0,38,0,0,16
"org::apache::lucene::search::PhraseScorer",2,2.6029,0,283,0,160,0,10,107
"org::apache::lucene::search::PrefixFilter",4,5.88673,0,173,0,0,62,18,18
"org::apache::lucene::search::PrefixQuery",2,9.97613,0,194,0,0,22,0,25
"org::apache::lucene::search::Query",0,8.85763,0,505,0,0,29,31,84
"org::apache::lucene::search::QueryFilter",2,4.50602,0,69,0,0,4,0,9
"org::apache::lucene::search::QueryTermVector",1,3.05437,0,254,0,0,70,0,81
"org::apache::lucene::search::QueryWrapperFilter",2,2.46006,0,137,0,26,30,2,32
"org::apache::lucene::search::RangeFilter",4,8.49681,0,820,0,140,17,0,59
"org::apache::lucene::search::RangeQuery",3,13.4571,1,725,1,72,20,0,85
"org::apache::lucene::search::regex::JakartaRegexpCapabilities",0,4.11562,0,57,0,28,13,0,23
"org::apache::lucene::search::regex::JavaUtilRegexCapabilities",0,4.11562,0,56,0,0,42,0,22
"org::apache::lucene::search::regex::RegexQuery",0,1.39276,0,160,0,0,8,0,27
"org::apache::lucene::search::regex::RegexTermEnum",0,1.3633,0,146,0,2,3,0,34
"org::apache::lucene::search::regex::SpanRegexQuery",1,3.1498,0,338,0,0,7,0,73
"org::apache::lucene::search::RemoteCachingWrapperFilter",3,3.6986,0,170,0,0,9,11,11
"org::apache::lucene::search::RemoteSearchable",2,7.96475,0,136,0,57,0,69,50
"org::apache::lucene::search::ReqExclScorer",0,3.0742,0,82,0,276,0,0,79
"org::apache::lucene::search::ReqOptSumScorer",0,3.0742,0,61,0,182,0,0,41
"org::apache::lucene::search::ScoreDoc",0,1.64243,0,37,0,8,0,0,4
"org::apache::lucene::search::Scorer",1,5.59993,0,133,0,79,0,0,6
"org::apache::lucene::search::Searcher",6,10.3467,0,549,0,49,0,18,16
"org::apache::lucene::search::similar::MoreLikeThis",0,1.43177,0,1758,36,104,742,212,285
"org::apache::lucene::search::similar::MoreLikeThisQuery",3,5.69695,0,290,0,0,50,6,74
"org::apache::lucene::search::similar::SimilarityQueries",0,1.43177,0,203,0,2,79,89,28
"org::apache::lucene::search::Similarity",4,12.5926,1,1328,0,0,617,44,22
"org::apache::lucene::search::SimilarityDelegator",1,4.30098,0,113,0,0,4,0,27
"org::apache::lucene::search::SloppyPhraseScorer",3,3.75035,0,254,1,404,97,0,139
"org::apache::lucene::search::Sort",3,5.92561,1,458,0,126,50,32,20
"org::apache::lucene::search::SortComparator",1,2.1402,0,140,0,47,4,6,19
"org::apache::lucene::search::SortField",4,6.60956,1,443,0,214,15,0,44
"org::apache::lucene::search::SpanFilter",2,2.35,0,75,0,0,6,77,0
"org::apache::lucene::search::SpanFilterResult",2,2.35,0,141,0,6,63,77,13
"org::apache::lucene::search::SpanQueryFilter",2,3.30197,0,206,0,0,19,84,40
"org::apache::lucene::search::spans::NearSpansOrdered",2,3.71322,1,667,0,195,0,0,166
"org::apache::lucene::search::spans::NearSpansUnordered",3,4.66519,0,473,0,155,0,0,151
"org::apache::lucene::search::spans::SpanFirstQuery",2,7.83578,0,327,0,2,0,0,98
"org::apache::lucene::search::spans::SpanNearQuery",3,9.72561,0,447,0,1,24,0,113
"org::apache::lucene::search::spans::SpanNotQuery",4,8.83948,0,426,0,110,0,0,144
"org::apache::lucene::search::spans::SpanOrQuery",3,10.4552,1,483,1,42,0,0,170
"org::apache::lucene::search::spans::SpanQuery",1,5.5834,0,144,0,8,0,6,6
"org::apache::lucene::search::spans::SpanScorer",3,6.64038,0,178,0,21,0,0,57
"org::apache::lucene::search::spans::SpanTermQuery",3,10.4963,0,185,0,0,12,0,36
"org::apache::lucene::search::spans::SpanWeight",3,6.7985,0,416,0,0,0,0,97
"org::apache::lucene::search::spans::TermSpans",2,2.89247,0,128,0,11,0,73,64
"org::apache::lucene::search::spell::JaroWinklerDistance",1,0.938338,0,36,49,0,128,0,73
"org::apache::lucene::search::spell::LevensteinDistance",1,0.938338,1,63,0,10,166,35,71
"org::apache::lucene::search::spell::LuceneDictionary",0,0,0,142,1,0,25,0,7
"org::apache::lucene::search::spell::PlainTextDictionary",0,0,0,28,7,1,40,38,6
"org::apache::lucene::search::spell::SpellChecker",0,0,0,400,0,184,401,231,176
"org::apache::lucene::search::spell::SuggestWord",0,0,0,23,0,1,23,0,19
"org::apache::lucene::search::spell::SuggestWordQueue",0,0,0,2,0,22,19,0,9
"org::apache::lucene::search::TermQuery",3,7.5969,0,493,0,0,0,0,30
"org::apache::lucene::search::TermScorer",0,2.64198,0,388,0,119,0,0,81
"org::apache::lucene::search::TermsFilter",4,6.54006,0,220,0,1,49,0,63
"org::apache::lucene::search::TimeLimitedCollector",2,1.72811,1,35,0,146,47,295,30
"org::apache::lucene::search::TopDocCollector",3,6.78032,0,178,0,56,3,0,32
"org::apache::lucene::search::TopDocs",2,4.17568,0,90,0,10,0,0,11
"org::apache::lucene::search::TopFieldDocCollector",2,6.14206,0,114,1,94,1,0,29
"org::apache::lucene::search::TopFieldDocs",2,5.42599,0,79,0,15,0,0,4
"org::apache::lucene::search::WildcardQuery",1,3.23668,0,111,0,0,7,0,19
"org::apache::lucene::search::WildcardTermEnum",1,3.2211,0,218,0,0,166,0,133
"org::apache::lucene::store::AlreadyClosedException",1,1.45269,0,0,0,2,0,22,3
"org::apache::lucene::store::BufferedIndexInput",6,7.86104,0,11,0,27,504,0,131
"org::apache::lucene::store::BufferedIndexOutput",3,6.09962,0,0,0,63,188,51,58
"org::apache::lucene::store::ChecksumIndexInput",1,1.12713,0,0,0,21,16,57,28
"org::apache::lucene::store::ChecksumIndexOutput",2,2.31429,0,0,0,35,0,124,45
"org::apache::lucene::store::Directory",11,11.9647,1,15,0,0,193,374,64
"org::apache::lucene::store::FSDirectory",30,27.817,5,23,0,9,519,1141,6
"org::apache::lucene::store::GCJDirectory",1,2.88097,0,0,0,0,16,32,9
"org::apache::lucene::store::GCJIndexInput",1,2.88097,0,0,0,10,43,30,14
"org::apache::lucene::store::IndexInput",2,4.67638,0,0,0,82,446,80,89
"org::apache::lucene::store::IndexOutput",5,7.66773,0,0,0,52,341,142,61
"org::apache::lucene::store::instantiated::FieldSetting",1,0.788836,1,59,0,2,0,31,17
"org::apache::lucene::store::instantiated::FieldSettings",1,0.788836,1,83,0,9,1,105,55
"org::apache::lucene::store::instantiated::InstantiatedDocument",1,0.60098,0,72,0,1,0,61,21
"org::apache::lucene::store::instantiated::InstantiatedIndex",2,2.62836,0,752,0,25,0,552,226
"org::apache::lucene::store::instantiated::InstantiatedIndexReader",3,2.62836,1,572,0,58,5,831,174
"org::apache::lucene::store::instantiated::InstantiatedIndexWriter",3,4.35401,1,1763,0,74,55,1006,469
"org::apache::lucene::store::instantiated::InstantiatedTerm",1,0.60098,0,443,0,66,50,210,101
"org::apache::lucene::store::instantiated::InstantiatedTermDocs",2,1.38982,0,143,0,22,0,121,63
"org::apache::lucene::store::instantiated::InstantiatedTermDocumentInformation",1,0.60098,0,182,0,20,0,142,33
"org::apache::lucene::store::instantiated::InstantiatedTermEnum",2,1.70353,1,107,0,22,0,128,51
"org::apache::lucene::store::instantiated::InstantiatedTermFreqVector",1,0.60098,0,157,0,0,45,91,60
"org::apache::lucene::store::instantiated::InstantiatedTermPositions",1,0.60098,0,128,0,16,22,109,35
"org::apache::lucene::store::instantiated::InstantiatedTermPositionVector",1,0.60098,0,47,0,7,0,85,9
"org::apache::lucene::store::je::Block",1,3.81886,0,0,0,7,105,44,45
"org::apache::lucene::store::je::File",1,4.7258,0,0,30,0,304,184,168
"org::apache::lucene::store::je::JEDirectory",2,4.83343,0,22,12,0,220,257,102
"org::apache::lucene::store::je::JEIndexInput",1,3.81886,0,0,0,79,112,44,88
"org::apache::lucene::store::je::JEIndexOutput",2,5.27155,0,0,0,96,93,47,83
"org::apache::lucene::store::je::JELock",1,3.81886,0,1,0,0,25,8,11
"org::apache::lucene::store::Lock",5,9.15338,1,0,0,4,159,208,29
"org::apache::lucene::store::LockFactory",4,6.48779,0,4,0,0,98,52,6
"org::apache::lucene::store::LockObtainFailedException",1,1.09884,0,0,0,0,9,30,3
"org::apache::lucene::store::LockReleaseFailedException",1,1.33267,0,0,0,0,15,15,3
"org::apache::lucene::store::LockVerifyServer",1,2.36108,0,0,0,0,141,67,57
"org::apache::lucene::store::MMapDirectory",2,5.27595,1,0,1,138,345,98,5
"org::apache::lucene::store::NativeFSLockFactory",10,8.56136,0,0,0,5,416,401,53
"org::apache::lucene::store::NIOFSDirectory",1,1.25985,2,1,0,5,168,67,6
"org::apache::lucene::store::NoLockFactory",2,3.64676,0,0,0,0,51,34,7
"org::apache::lucene::store::RAMDirectory",19,14.0755,3,0,0,0,184,399,114
"org::apache::lucene::store::RAMFile",4,5.63409,0,0,0,37,63,52,41
"org::apache::lucene::store::RAMInputStream",7,9.10209,0,0,0,22,229,0,68
"org::apache::lucene::store::RAMOutputStream",11,13.5448,0,0,0,48,247,24,98
"org::apache::lucene::store::SimpleFSLockFactory",7,10.3263,0,0,0,0,198,257,24
"org::apache::lucene::store::SingleInstanceLockFactory",3,4.99485,0,0,0,0,88,62,13
"org::apache::lucene::store::VerifyingLockFactory",2,2.33696,0,0,0,0,174,67,12
"org::apache::lucene::swing::models::ListSearcher",3,6.26449,0,562,0,20,0,186,137
"org::apache::lucene::swing::models::TableSearcher",2,6.26048,0,852,0,15,0,162,165
"org::apache::lucene::util::ArrayUtil",2,2.2048,0,65,0,0,203,63,38
"org::apache::lucene::util::BitUtil",1,1.17515,0,0,523,1275,288,54,686
"org::apache::lucene::util::BitVector",4,5.74394,0,0,5,15,332,209,128
"org::apache::lucene::util::cache::Cache",1,1.26735,0,108,0,4,28,0,6
"org::apache::lucene::util::cache::SimpleLRUCache",1,1.26735,0,67,0,0,3,4,11
"org::apache::lucene::util::cache::SimpleMapCache",1,1.26735,0,132,0,0,14,1,21
"org::apache::lucene::util::CloseableThreadLocal",2,1.23854,0,0,6,51,74,74,43
"org::apache::lucene::util::Constants",1,4.04167,0,0,0,0,79,16,1
"org::apache::lucene::util::DocIdBitSet",1,1.17515,0,0,0,70,101,0,9
"org::apache::lucene::util::OpenBitSet",2,3.07326,0,0,23,222,1816,138,335
"org::apache::lucene::util::OpenBitSetDISI",1,1.26735,0,0,0,11,108,155,29
"org::apache::lucene::util::OpenBitSetIterator",1,1.17515,0,0,0,239,372,0,73
"org::apache::lucene::util::Parameter",0,2.86786,0,35,0,0,60,14,24
"org::apache::lucene::util::PriorityQueue",1,2.94062,0,0,0,153,144,93,90
"org::apache::lucene::util::ScorerDocQueue",1,2.86107,0,23,0,378,61,54,115
"org::apache::lucene::util::SmallFloat",1,4.48422,0,0,0,6,269,41,62
"org::apache::lucene::util::SortedVIntList",1,1.17515,0,0,0,302,138,73,62
"org::apache::lucene::util::StringHelper",1,2.54988,0,0,0,12,86,2,20
"org::apache::lucene::util::ToStringUtils",1,4.57123,0,11,0,0,1,0,5
"org::apache::lucene::util::UnicodeUtil",1,0.907447,0,0,0,30,1170,16,115
"org::apache::lucene::wikipedia::analysis::WikipediaTokenizer",6,4.91412,0,241,0,1,567,0,122
"org::apache::lucene::wikipedia::analysis::WikipediaTokenizerImpl",4,3.50218,0,87,0,148,2002,0,422
"org::apache::lucene::wordnet::SynExpand",0,0.740259,0,289,0,0,122,85,70
"org::apache::lucene::wordnet::SynLookup",0,0.740259,0,222,0,0,106,38,78
"org::apache::lucene::wordnet::Syns2Index",0,0.740259,0,81,8,6,499,224,154
"org::apache::lucene::xmlparser::builders::BooleanFilterBuilder",1,4.72472,0,80,0,0,0,58,23
"org::apache::lucene::xmlparser::builders::BooleanQueryBuilder",1,7.59491,0,120,0,0,1,100,56
"org::apache::lucene::xmlparser::builders::BoostingQueryBuilder",0,2.99495,0,103,0,0,0,44,20
"org::apache::lucene::xmlparser::builders::CachedFilterBuilder",2,4.71817,0,241,0,0,10,104,47
"org::apache::lucene::xmlparser::builders::ConstantScoreQueryBuilder",0,2.99495,0,74,0,0,0,30,12
"org::apache::lucene::xmlparser::builders::DuplicateFilterBuilder",1,2.24283,0,84,0,0,0,109,34
"org::apache::lucene::xmlparser::builders::FilteredQueryBuilder",1,3.81153,0,117,0,0,0,53,18
"org::apache::lucene::xmlparser::builders::FuzzyLikeThisQueryBuilder",0,2.42975,0,126,1,0,0,57,22
"org::apache::lucene::xmlparser::builders::LikeThisQueryBuilder",2,7.36559,0,229,0,5,77,39,58
"org::apache::lucene::xmlparser::builders::MatchAllDocsQueryBuilder",0,2.58969,0,33,0,0,0,17,3
"org::apache::lucene::xmlparser::builders::RangeFilterBuilder",1,3.66829,0,70,0,6,0,27,10
"org::apache::lucene::xmlparser::builders::SpanBuilderBase",0,2.42975,0,23,1,0,0,13,3
"org::apache::lucene::xmlparser::builders::SpanFirstBuilder",0,2.42975,0,66,0,0,0,35,14
"org::apache::lucene::xmlparser::builders::SpanNearBuilder",0,2.99495,0,112,0,0,0,33,19
"org::apache::lucene::xmlparser::builders::SpanNotBuilder",0,2.99495,0,80,0,12,0,37,19
"org::apache::lucene::xmlparser::builders::SpanOrBuilder",0,2.42975,0,89,0,0,0,44,19
"org::apache::lucene::xmlparser::builders::SpanOrTermsBuilder",1,4.40689,0,184,0,0,0,21,26
"org::apache::lucene::xmlparser::builders::SpanQueryBuilderFactory",1,3.66829,0,64,0,0,0,40,14
"org::apache::lucene::xmlparser::builders::SpanTermBuilder",0,2.99495,0,81,0,0,0,13,9
"org::apache::lucene::xmlparser::builders::TermQueryBuilder",1,4.23349,0,68,0,0,0,21,10
"org::apache::lucene::xmlparser::builders::TermsFilterBuilder",3,7.97841,0,157,0,0,9,32,32
"org::apache::lucene::xmlparser::builders::TermsQueryBuilder",2,5.06827,0,181,0,0,5,41,37
"org::apache::lucene::xmlparser::builders::UserInputQueryBuilder",1,5.74047,0,150,0,0,0,90,32
"org::apache::lucene::xmlparser::CoreParser",1,7.67536,0,366,0,0,0,299,87
"org::apache::lucene::xmlparser::CorePlusExtensionsParser",0,5.87959,0,146,0,0,0,69,11
"org::apache::lucene::xmlparser::DOMUtils",1,5.48549,0,0,23,0,115,473,166
"org::apache::lucene::xmlparser::FilterBuilderFactory",1,4.12294,0,39,0,0,0,46,14
"org::apache::lucene::xmlparser::ParserException",1,3.66829,0,0,0,0,0,38,3
"org::apache::lucene::xmlparser::QueryBuilderFactory",1,4.12294,0,40,0,0,0,46,14
"org::apache::lucene::xmlparser::QueryTemplateManager",1,3.03811,0,134,0,0,108,525,50
"org::apache::regexp::RegexpTunnel",0,4.11562,0,4,5,8,5,0,4
"org::tartarus::snowball::Among",1,1.35264,0,3,15,0,56,0,18
"org::tartarus::snowball::ext::DanishStemmer",1,1.35264,0,0,587,0,7,0,345
"org::tartarus::snowball::ext::DutchStemmer",1,1.35264,0,0,1022,0,0,0,753
"org::tartarus::snowball::ext::EnglishStemmer",1,1.35264,0,0,1479,0,0,0,1131
"org::tartarus::snowball::ext::FinnishStemmer",1,1.35264,0,0,1408,0,7,0,877
"org::tartarus::snowball::ext::FrenchStemmer",1,1.35264,0,0,1885,0,2,0,1295
"org::tartarus::snowball::ext::German2Stemmer",1,1.35264,0,0,844,0,0,0,644
"org::tartarus::snowball::ext::GermanStemmer",1,1.35264,0,0,820,0,0,0,615
"org::tartarus::snowball::ext::HungarianStemmer",1,1.35264,0,0,1319,0,6,0,907
"org::tartarus::snowball::ext::ItalianStemmer",1,1.35264,0,0,1394,0,0,0,924
"org::tartarus::snowball::ext::KpStemmer",1,1.35264,0,0,2704,0,8,0,2032
"org::tartarus::snowball::ext::LovinsStemmer",1,1.35264,0,0,2698,0,0,0,1501
"org::tartarus::snowball::ext::NorwegianStemmer",1,1.35264,0,0,469,0,0,0,281
"org::tartarus::snowball::ext::PorterStemmer",1,1.35264,0,0,1062,0,0,0,788
"org::tartarus::snowball::ext::PortugueseStemmer",1,1.35264,0,0,1375,0,0,0,866
"org::tartarus::snowball::ext::RomanianStemmer",1,1.35264,0,0,1308,0,0,0,747
"org::tartarus::snowball::ext::RussianStemmer",1,1.35264,0,0,1160,0,0,0,540
"org::tartarus::snowball::ext::SpanishStemmer",1,1.35264,0,0,1494,0,0,0,919
"org::tartarus::snowball::ext::SwedishStemmer",1,1.35264,0,0,455,0,0,0,265
"org::tartarus::snowball::ext::TurkishStemmer",1,1.35264,0,0,4841,0,0,0,2864
"org::tartarus::snowball::SnowballProgram",1,1.35264,0,6,382,0,495,4,306
